dt,symbol,close,open,high,low,pre_close,vol,amount,vwap,turnover_ratio,free_share,total_share,free_mv,total_mv
2025-06-05,ARM,130.36,129.4,130.68,127.33,128.78,2473376,321074874.6624,129.81,0.23,1059263999,1059264000.0,17951136515.3,138085570000.0
2025-06-04,ARM,128.78,127.53,130.64,126.93,126.06,3445675,444562711.3375,129.02,0.33,1059263999,1059264000.0,17733562312.86,136411900000.0
2025-06-03,ARM,126.06,124.8,127.48,123.59,124.54,3297546,415308474.6817,125.94,0.31,1059263999,1059264000.0,17358318041.21,133525500000.0
2025-05-31,ARM,124.54,127.61,127.8,121.56,128.1,5786645,719263250.096,124.3,0.55,1059263999,1059264000.0,17149695996.61,131920690000.0
2025-05-30,ARM,128.1,138.5,138.59,126.75,135.54,7438789,969419337.4734,130.32,0.7,1059263999,1059264000.0,17639924752.39,135691690000.0
2025-05-29,ARM,135.54,134.83,138.5,133.95,133.96,5937438,808426773.8594,136.16,0.56,1057000000,1057000000.0,18624551400.0,143265750000.0
2025-05-28,ARM,133.96,130.05,135.99,129.73,127.18,5507531,738107738.8049,134.02,0.52,1057000000,1057000000.0,18407444974.1,141595690000.0
2025-05-24,ARM,127.18,126.14,127.66,124.9,129.28,2966784,375307699.3766,126.5,0.28,1057000000,1057000000.0,17475803800.0,134429190000.0
2025-05-23,ARM,129.28,129.6,131.14,128.96,130.45,2366176,307022457.0272,129.75,0.22,1057000000,1057000000.0,17764364800.0,136648900000.0
2025-05-22,ARM,130.45,128.92,135.34,128.6,131.04,4810121,635870097.4982,132.19,0.46,1057000000,1057000000.0,17925134500.0,137885600000.0
2025-05-21,ARM,131.04,131.84,132.04,129.7,132.05,3108482,407180989.7246,130.99,0.29,1057000000,1057000000.0,18006206400.0,138509300000.0
2025-05-20,ARM,132.05,130.36,133.28,129.53,135.96,4195586,552037626.3747,131.58,0.4,1057000000,1057000000.0,18144991874.1,139576800000.0
2025-05-17,ARM,135.96,133.35,136.15,132.9,133.07,4789902,646000192.0242,134.87,0.45,1057000000,1057000000.0,18682264974.1,143709690000.0
2025-05-16,ARM,133.07,133.01,135.18,129.0,133.45,5357922,709473581.5468,132.42,0.51,1057000000,1057000000.0,18285150074.1,140654940000.0
2025-05-15,ARM,133.45,128.97,134.97,128.81,126.68,8876043,1177989461.1312,132.72,0.84,1057000000,1057000000.0,18337364500.0,141056570000.0
2025-05-14,ARM,126.68,125.0,128.9,124.2,124.81,7630738,969254051.5386,127.02,0.72,1057000000,1057000000.0,17407098800.0,133900690000.0
2025-05-13,ARM,124.81,121.64,125.45,121.3,115.8,7552649,933671384.4098,123.62,0.71,1057000000,1057000000.0,17150142100.0,131924100000.0
2025-05-10,ARM,115.8,117.56,118.82,114.8,116.52,5364762,624078471.6504,116.33,0.51,1057000000,1057000000.0,15912079374.1,122400570000.0
2025-05-09,ARM,116.52,119.2,119.8,114.33,124.19,15725321,1843380311.3077,117.22,1.49,1057000000,1057000000.0,16011014574.1,123161630000.0
2025-05-08,ARM,124.19,123.11,124.44,120.19,122.44,9237895,1127604253.5955,122.06,0.88,1054000000,1054000000.0,15707552464.8,130896200000.0
2025-05-07,ARM,122.44,118.0,123.58,118.0,121.95,4236059,514793000.4576,121.53,0.4,1054000000,1054000000.0,15486212464.8,129051690000.0
2025-05-06,ARM,121.95,121.09,123.43,120.5,123.27,3525176,429378069.8808,121.8,0.33,1054000000,1054000000.0,15424236000.0,128535250000.0
2025-05-03,ARM,123.27,118.57,123.98,118.46,115.4,5131988,627023779.1659,122.18,0.49,1054000000,1054000000.0,15591190864.8,129926500000.0
2025-05-02,ARM,115.4,117.0,119.57,115.23,114.05,6993602,822339264.305,117.58,0.66,1054000000,1054000000.0,14595792000.0,121631570000.0
2025-05-01,ARM,114.05,108.6,114.24,107.54,111.65,3737401,415908821.7429,111.28,0.35,1054000000,1054000000.0,14425045264.8,120208630000.0
2025-04-30,ARM,111.65,112.6,113.59,111.49,112.08,1953963,219651819.7005,112.41,0.19,1054000000,1054000000.0,14121492000.0,117679070000.0
2025-04-29,ARM,112.08,112.53,114.18,110.01,113.34,3233723,362083521.4053,111.97,0.31,1054000000,1054000000.0,14175879664.8,118132250000.0
2025-04-26,ARM,113.34,112.0,114.83,110.56,112.01,3908380,440378709.7738,112.68,0.37,1054000000,1054000000.0,14335243200.0,119460320000.0
2025-04-25,ARM,112.01,107.36,112.5,106.98,105.16,4982137,552541960.9516,110.9,0.47,1054000000,1054000000.0,14167024800.0,118058500000.0
2025-04-24,ARM,105.16,106.4,109.86,104.67,100.55,5126449,548332162.0686,106.96,,1054000000,,13300638064.8,
2025-04-23,ARM,100.55,98.22,101.85,97.9,96.83,3808524,382023521.13,100.31,0.36,1054000000,1054000000.0,12717565264.8,105979690000.0
2025-04-22,ARM,96.83,99.79,100.23,95.32,100.73,4231801,409835102.8511,96.85,0.4,1054000000,1054000000.0,12247058652.96,102058750000.0
2025-04-18,ARM,100.73,102.26,102.26,98.84,101.0,3124931,314019347.5497,100.49,0.3,1054000000,1054000000.0,12740330400.0,106169380000.0
2025-04-17,ARM,101.0,98.0,101.71,97.9,103.8,4881727,489768048.3836,100.33,0.46,1054000000,1054000000.0,12774480000.0,106453940000.0
2025-04-16,ARM,103.8,104.81,106.31,102.66,105.06,3092066,320763846.0089,103.74,0.29,1054000000,1054000000.0,13128625264.8,109405100000.0
2025-04-15,ARM,105.06,108.21,109.46,102.86,103.99,3674719,388815072.1711,105.81,0.35,1054000000,1054000000.0,13287988800.0,110733200000.0
2025-04-12,ARM,103.99,100.0,105.67,98.8,100.46,6481199,666142234.8713,102.78,0.61,1054000000,1054000000.0,13152656464.8,109605380000.0
2025-04-11,ARM,100.46,98.9,102.0,95.35,106.59,8620945,858195237.9556,99.55,0.82,1054000000,1054000000.0,12706182064.8,105884800000.0
2025-04-10,ARM,106.59,85.62,107.94,85.19,85.82,13935055,1383339779.8321,99.27,1.32,1054000000,1054000000.0,13481503200.0,112345800000.0
2025-04-09,ARM,85.82,94.38,96.55,84.12,88.63,8447500,768019617.315,90.92,0.8,1054000000,1054000000.0,10854514611.84,90454250000.0
2025-04-08,ARM,88.63,80.92,94.14,80.0,87.71,9081668,789977073.5629,86.99,0.86,1054000000,1054000000.0,11209923032.4,93415940000.0
2025-04-05,ARM,87.71,91.65,95.38,84.39,97.72,12485985,1112825998.9979,89.13,1.18,1054000000,1054000000.0,11093561685.36,92446250000.0
2025-04-04,ARM,97.72,101.16,103.24,97.33,108.14,8088133,804095516.2855,99.42,0.77,1054000000,1054000000.0,12359625852.96,102996820000.0
2025-04-03,ARM,108.14,104.38,110.13,104.38,106.98,2350625,253630815.5687,107.9,0.22,1054000000,1054000000.0,13677547200.0,113979500000.0
2025-04-02,ARM,106.98,105.72,108.47,103.58,106.79,4236102,449260687.1914,106.06,0.4,1054000000,1054000000.0,13530830400.0,112756900000.0
2025-04-01,ARM,106.79,104.0,106.93,101.36,107.8,4662707,488419490.7914,104.75,0.44,1054000000,1054000000.0,13506799200.0,112556600000.0
2025-03-29,ARM,107.8,111.5,113.18,106.73,112.47,4624070,502124108.2847,108.59,0.44,1054000000,1054000000.0,13634545264.8,113621190000.0
2025-03-28,ARM,112.47,114.0,114.04,109.25,114.93,4203113,471170690.5763,112.1,0.4,1054000000,1054000000.0,14225206864.8,118543300000.0
2025-03-27,ARM,114.93,123.0,123.45,114.17,124.28,4898641,570639750.9054,116.49,0.46,1054000000,1054000000.0,14536346400.0,121136200000.0
2025-03-26,ARM,124.28,124.92,125.5,123.1,124.85,1846412,229106512.2481,124.08,0.18,1054000000,1054000000.0,15718934400.0,130991070000.0
2025-03-25,ARM,124.85,122.06,126.27,122.0,119.07,4294813,536697054.6801,124.96,0.41,1054000000,1054000000.0,15791029264.8,131591880000.0
2025-03-22,ARM,119.07,116.38,119.43,115.5,119.07,2552391,301690089.3329,118.2,0.24,1054000000,1054000000.0,15059974864.8,125499750000.0
2025-03-21,ARM,119.07,116.82,120.44,115.81,117.91,2335162,278043559.4,119.07,0.22,1054000000,1054000000.0,15059974864.8,125499800000.0
2025-03-20,ARM,117.91,119.44,120.49,116.24,119.72,3729575,440543776.5732,118.12,0.35,1054000000,1054000000.0,14913258064.8,124277070000.0
2025-03-19,ARM,119.72,120.56,120.65,116.36,121.37,3138784,373088138.8854,118.86,0.3,1054000000,1054000000.0,15142186864.8,126184820000.0
2025-03-18,ARM,121.37,118.06,123.7,118.05,117.94,3444925,417063668.9918,121.07,0.33,1054000000,1054000000.0,15350877600.0,127923880000.0
2025-03-15,ARM,117.94,115.79,118.62,115.21,112.05,4573895,538125150.203,117.65,0.43,1054000000,1054000000.0,14917052464.8,124308690000.0
2025-03-14,ARM,112.05,114.0,114.78,109.9,112.7,4480688,502615396.3125,112.17,0.43,1054000000,1054000000.0,14172085264.8,118100630000.0
2025-03-13,ARM,112.7,116.0,117.98,112.0,111.49,5264492,603200807.9621,114.58,0.5,1054000000,1054000000.0,14254296000.0,118785750000.0
2025-03-12,ARM,111.49,116.0,118.5,110.25,116.38,8069199,912327039.6171,113.06,0.77,1054000000,1054000000.0,14101256464.8,117510380000.0
2025-03-11,ARM,116.38,120.5,121.8,114.38,125.55,7267414,855196648.8311,117.68,0.69,1054000000,1054000000.0,14719743664.8,122664500000.0
2025-03-08,ARM,125.55,118.52,127.58,117.52,117.92,6504024,799738043.052,122.96,0.62,1054000000,1054000000.0,15879565264.8,132329630000.0
2025-03-07,ARM,117.92,120.7,123.4,117.75,124.78,4965754,593848065.3798,119.59,,1054000000,,14914521600.0,
2025-03-06,ARM,124.78,124.63,125.49,120.36,122.49,4575367,564848272.6914,123.45,0.43,1054000000,1054000000.0,15782174400.0,131518070000.0
2025-03-05,ARM,122.49,121.91,125.91,117.89,121.1,7987430,973680496.888,121.9,0.76,1054000000,1054000000.0,15492536464.8,129104440000.0
2025-03-04,ARM,121.1,133.0,133.94,120.07,131.69,7301637,910492959.1527,124.7,0.69,1054000000,1054000000.0,15316729264.8,127639380000.0
2025-03-01,ARM,131.69,129.3,133.98,127.43,130.34,4204008,549847713.5705,130.79,0.4,1054000000,1054000000.0,16656152464.8,138801190000.0
2025-02-28,ARM,130.34,142.01,144.41,130.15,138.97,4757320,640230135.228,134.58,0.45,1054000000,1054000000.0,16485403200.0,137378320000.0
2025-02-27,ARM,138.97,139.43,141.57,137.91,136.7,3204456,448116254.1696,139.84,0.3,1054000000,1054000000.0,17576926864.8,146474320000.0
2025-02-26,ARM,136.7,139.32,139.5,133.16,140.53,5559758,760083411.7928,136.71,0.53,1054000000,1054000000.0,17289816000.0,144081750000.0
2025-02-25,ARM,140.53,145.06,145.61,138.05,144.84,3801296,538563435.8544,141.68,0.36,1054000000,1054000000.0,17774234400.0,
2025-02-22,ARM,144.84,151.25,151.99,143.8,150.85,4735383,691683236.0148,146.07,,1054000000,,18319363200.0,
2025-02-21,ARM,150.85,153.2,154.05,147.53,154.36,3850672,578987080.4267,150.36,0.37,1054000000,1054000000.0,19079509264.8,158995820000.0
2025-02-20,ARM,154.36,157.56,160.94,152.29,160.32,5196367,809339876.2537,155.75,0.49,1054000000,1054000000.0,19523454064.8,162695380000.0
2025-02-19,ARM,160.32,160.5,161.15,155.65,159.54,4787926,756742285.6165,158.05,0.45,1054000000,1054000000.0,20277274864.8,168977250000.0
2025-02-15,ARM,159.54,160.17,161.34,156.12,164.83,6052524,957351931.176,158.17,0.57,1054000000,1054000000.0,20178619200.0,168155130000.0
2025-02-14,ARM,164.83,154.97,168.39,153.8,155.41,11354934,1846959499.638,162.66,1.08,1054000000,1054000000.0,20847699664.8,173730820000.0
2025-02-13,ARM,155.41,155.0,157.9,154.01,157.74,3445047,536502371.331,155.73,0.33,1054000000,1054000000.0,19656258064.8,163802070000.0
2025-02-12,ARM,157.74,160.07,163.11,157.29,160.84,3089722,494277967.9778,159.97,0.29,1054000000,1054000000.0,19950956464.8,166257940000.0
2025-02-11,ARM,160.84,162.96,163.4,158.58,162.51,3426011,550221854.6744,160.6,0.33,1054000000,1054000000.0,20343043200.0,169525320000.0
2025-02-08,ARM,162.51,166.5,170.74,160.87,167.47,5780930,947469626.8103,163.9,0.55,1054000000,1054000000.0,20554264800.0,171285500000.0
2025-02-07,ARM,167.47,162.0,170.45,158.7,173.26,11800704,1955105354.615,165.68,1.12,1054000000,1054000000.0,21181606864.8,176513320000.0
2025-02-06,ARM,173.26,162.94,173.95,162.5,162.2,12041508,2042234940.1968,169.6,1.14,1054000000,1054000000.0,21913924800.0,182096190000.0
2025-02-05,ARM,162.2,157.5,163.65,155.8,155.65,5034867,811182577.3197,161.11,0.48,1051000000,1051000000.0,20456664000.0,170472130000.0
2025-02-04,ARM,155.65,153.55,159.36,152.0,159.55,4059565,634455651.9246,156.29,0.39,1051000000,1051000000.0,19630578000.0,163588130000.0
2025-02-01,ARM,159.55,154.0,162.96,153.55,153.23,7985324,1278088717.076,160.05,0.76,1051000000,1051000000.0,20122447261.2,167687000000.0
2025-01-31,ARM,153.23,150.3,154.88,149.5,147.6,4498961,687035434.5178,152.71,0.43,1051000000,1051000000.0,19325367600.0,161044630000.0
2025-01-30,ARM,147.6,150.66,151.75,145.21,149.47,2764070,408287137.061,147.71,0.26,1051000000,1051000000.0,18615313261.2,155127570000.0
2025-01-29,ARM,149.47,148.0,150.5,145.96,145.96,5554012,823216214.0412,148.22,0.53,1051000000,1051000000.0,18851157661.2,157092940000.0
2025-01-28,ARM,145.96,148.9,152.27,142.32,162.52,11641219,1707190586.9595,146.65,1.11,1051000000,1051000000.0,18408476461.2,153403940000.0
2025-01-25,ARM,162.52,166.5,168.73,162.45,166.56,6498512,1071259557.8128,164.85,0.62,1051000000,1051000000.0,20497023661.2,170808440000.0
2025-01-24,ARM,166.56,170.39,170.39,162.5,179.93,16252333,2693057247.1557,165.7,1.55,1051000000,1051000000.0,21006547200.0,175054500000.0
2025-01-23,ARM,179.93,160.37,182.88,159.95,155.2,27116848,4807158210.9936,177.28,2.58,1051000000,1051000000.0,22692771600.0,189106380000.0
2025-01-22,ARM,155.2,149.85,156.97,147.01,149.26,6519266,997001193.4717,152.93,0.62,1051000000,1051000000.0,19573824000.0,163115130000.0
2025-01-18,ARM,149.26,149.2,151.6,147.77,147.52,4110688,615360539.0176,149.7,0.39,1051000000,1051000000.0,18824671200.0,156872250000.0
2025-01-17,ARM,147.52,148.24,150.01,144.23,147.4,4314516,636077487.832,147.43,0.41,1051000000,1051000000.0,18605223661.2,155043500000.0
2025-01-16,ARM,147.4,143.0,148.25,142.83,140.06,4831887,708472049.0541,146.62,0.46,1051000000,1051000000.0,18590088000.0,154917320000.0
2025-01-15,ARM,140.06,139.79,143.13,138.05,137.07,3222024,450309429.8352,139.76,0.31,1051000000,1051000000.0,17664367200.0,147203000000.0
2025-01-14,ARM,137.07,137.0,138.02,134.63,140.49,3302296,450485020.4472,136.42,0.31,1051000000,1051000000.0,17287269661.2,144060500000.0
2025-01-11,ARM,140.49,140.8,141.88,138.02,145.2,3082938,431398597.278,139.93,0.29,1051000000,1051000000.0,17718600061.2,147654940000.0
2025-01-09,ARM,145.2,142.34,148.25,142.23,144.38,3388241,492089860.221,145.23,0.32,1051000000,1051000000.0,18312624000.0,152605130000.0
2025-01-08,ARM,144.38,147.84,148.45,140.17,147.41,5554070,797763343.2467,143.64,0.53,1051000000,1051000000.0,18209206861.2,151743320000.0
2025-01-07,ARM,147.41,142.79,150.14,142.79,141.08,6974117,1028037221.4187,147.41,,1051000000,,18591350461.2,
2025-01-04,ARM,141.08,129.64,141.45,129.52,128.2,6833504,935879875.2534,136.95,0.65,1051000000,1051000000.0,17793010861.2,148275070000.0
2025-01-03,ARM,128.2,125.0,129.4,125.0,123.36,3422452,436209338.3749,127.46,0.33,1051000000,1051000000.0,16168584000.0,134738130000.0
2025-01-01,ARM,123.36,125.52,126.54,123.11,125.91,2666370,331374890.4417,124.28,0.25,1051000000,1051000000.0,15558164461.2,129651320000.0
2024-12-31,ARM,125.91,126.66,127.71,124.82,129.2,2655154,335217706.2618,126.25,0.25,1051000000,1051000000.0,15879770461.2,132331380000.0
2024-12-28,ARM,129.2,129.0,130.26,126.7,129.69,2770536,356627549.724,128.72,0.26,1051000000,1051000000.0,16294704000.0,135789130000.0
2024-12-27,ARM,129.69,130.9,133.3,129.63,131.79,2223981,292069442.2211,131.33,0.21,1051000000,1051000000.0,16356504061.2,136304190000.0
2024-12-25,ARM,131.79,127.46,133.11,127.2,126.87,3460748,453098466.5075,130.93,0.33,1051000000,1051000000.0,16621354800.0,138511250000.0
2024-12-24,ARM,126.87,129.89,130.25,123.26,132.15,8475160,1069166011.964,126.15,0.81,1051000000,1051000000.0,16000844400.0,133340320000.0
2024-12-21,ARM,132.15,129.66,135.79,128.3,132.1,5356606,709531263.3807,132.46,0.51,1051000000,1051000000.0,16666758000.0,138889630000.0
2024-12-20,ARM,132.1,137.01,140.21,131.95,136.56,5854348,784627819.8304,134.02,0.56,1051000000,1051000000.0,16660453261.2,138837070000.0
2024-12-19,ARM,136.56,143.5,146.64,134.35,142.8,4186445,590629940.2675,141.08,0.4,1051000000,1051000000.0,17222947200.0,143524500000.0
2024-12-18,ARM,142.8,143.61,144.0,137.82,145.0,6013461,845239510.0265,140.56,0.57,1051000000,1051000000.0,18009937261.2,150082750000.0
2024-12-17,ARM,145.0,153.0,153.0,142.04,151.91,6372137,928436291.2425,145.7,0.61,1051000000,1051000000.0,18287400000.0,152394940000.0
2024-12-14,ARM,151.91,151.51,156.4,150.95,148.0,8055613,1237077932.6936,153.57,0.77,1051000000,1051000000.0,19158890461.2,159657380000.0
2024-12-13,ARM,148.0,142.0,150.0,140.7,143.16,7249977,1070884677.6999,147.71,0.69,1051000000,1051000000.0,18665760000.0,155547900000.0
2024-12-12,ARM,143.16,137.0,144.31,136.76,137.29,4228621,600250636.6395,141.95,0.4,1051000000,1051000000.0,18055340461.2,150461130000.0
2024-12-11,ARM,137.29,138.65,140.72,135.83,139.64,2611303,360785221.3717,138.16,0.25,1051000000,1051000000.0,17315014800.0,144291750000.0
2024-12-10,ARM,139.64,140.15,143.2,136.26,140.89,3456722,483316484.9018,139.82,0.33,1051000000,1051000000.0,17611396800.0,146761570000.0
2024-12-07,ARM,140.89,138.15,142.42,136.63,137.95,3260279,458159215.8032,140.53,0.31,1051000000,1051000000.0,17769046800.0,148075320000.0
2024-12-06,ARM,137.95,140.86,142.46,137.56,141.3,4736535,657021821.376,138.71,0.45,1051000000,1051000000.0,17398254000.0,144985380000.0
2024-12-05,ARM,141.3,142.5,144.54,141.06,140.38,2938669,418010971.905,142.25,0.28,1051000000,1051000000.0,17820757261.2,148506250000.0
2024-12-04,ARM,140.38,139.5,142.3,139.44,140.34,3933954,553889354.0729,140.8,0.37,1051000000,1051000000.0,17704726861.2,147539320000.0
2024-12-03,ARM,140.34,134.2,141.4,134.2,134.29,4423027,617208693.1291,139.54,0.42,1051000000,1051000000.0,17699680800.0,147497320000.0
2024-11-30,ARM,134.29,133.04,137.28,132.59,133.37,2490836,337347369.9944,135.44,0.24,1051000000,1051000000.0,16936654800.0,141138750000.0
2024-11-28,ARM,133.37,134.85,135.35,129.6,136.72,5450965,718527727.5286,131.82,0.52,1051000000,1051000000.0,16820624400.0,140171820000.0
2024-11-27,ARM,136.72,139.51,140.2,135.6,139.68,2545968,349460076.8736,137.26,0.24,1051000000,1051000000.0,17243127661.2,143692690000.0
2024-11-26,ARM,139.68,138.67,142.24,138.09,135.99,4673746,654331450.619,140.0,0.44,1051000000,1051000000.0,17616441600.0,146803630000.0
2024-11-23,ARM,135.99,132.0,136.27,131.45,133.14,3268841,439825531.1953,134.55,0.31,1051000000,1051000000.0,17151060061.2,142925440000.0
2024-11-22,ARM,133.14,136.25,138.2,131.13,133.7,4057521,541795544.9279,133.53,0.39,1051000000,1051000000.0,16791616800.0,139930130000.0
2024-11-21,ARM,133.7,131.02,133.77,130.08,133.06,3843553,507101855.5421,131.94,0.37,1051000000,1051000000.0,16862244000.0,140518630000.0
2024-11-20,ARM,133.06,128.5,133.7,127.89,128.66,4004046,526858819.1941,131.58,0.38,1051000000,1051000000.0,16781527200.0,139846000000.0
2024-11-19,ARM,128.66,127.5,130.11,126.36,128.73,5638133,723935149.5734,128.4,0.54,1051000000,1051000000.0,16226600461.2,135221630000.0
2024-11-16,ARM,128.73,133.17,133.3,126.81,136.35,7551195,972196798.655,128.75,0.72,1051000000,1051000000.0,16235427600.0,135295190000.0
2024-11-15,ARM,136.35,137.25,138.79,134.8,135.09,4031772,550631640.8509,136.57,0.38,1051000000,1051000000.0,17196463261.2,143303820000.0
2024-11-14,ARM,135.09,139.57,140.54,135.07,139.92,4830344,659333792.7186,136.5,0.46,1051000000,1051000000.0,17037550800.0,141979570000.0
2024-11-13,ARM,139.92,141.52,143.12,137.3,141.97,4259875,595857725.9987,139.88,0.41,1051000000,1051000000.0,17646710400.0,147055880000.0
2024-11-12,ARM,141.97,145.95,145.95,138.7,147.48,7397965,1048881258.3105,141.78,0.7,1051000000,1051000000.0,17904625800.0,149205190000.0
2024-11-09,ARM,147.48,148.7,149.12,144.42,150.65,6391086,935639076.5959,146.4,0.61,1051000000,1051000000.0,18600177600.0,155001440000.0
2024-11-08,ARM,150.65,140.0,154.65,139.51,144.68,16236176,2433431136.3314,149.88,1.55,1048000000,1048000000.0,18945744000.0,157881130000.0
2024-11-07,ARM,144.68,143.73,146.06,141.01,140.65,9683520,1390755857.568,143.62,0.92,1048000000,1048000000.0,18194956800.0,151624570000.0
2024-11-06,ARM,140.65,139.0,141.3,138.33,137.53,3545098,495797943.692,139.85,0.34,1048000000,1048000000.0,17688144000.0,147401130000.0
2024-11-05,ARM,137.53,140.0,142.5,137.29,141.48,3224871,450970830.1952,139.84,0.31,1048000000,1048000000.0,17295772800.0,144131380000.0
2024-11-02,ARM,141.48,144.17,146.78,140.62,141.3,4716063,676318851.8331,143.41,0.45,1048000000,1048000000.0,17792524800.0,148271000000.0
2024-11-01,ARM,141.3,145.26,146.23,140.25,154.4,7431879,1057497000.9868,142.29,0.71,1048000000,1048000000.0,17769889257.6,148082380000.0
2024-10-31,ARM,154.4,152.5,155.48,150.48,157.17,3784845,581608842.3395,153.67,0.36,1048000000,1048000000.0,19417344000.0,161811130000.0
2024-10-30,ARM,157.17,150.0,157.69,148.28,150.02,5317606,823563218.9049,154.87,0.51,1048000000,1048000000.0,19765699200.0,164714130000.0
2024-10-29,ARM,150.02,145.0,152.58,144.2,143.75,5720590,855616690.2669,149.57,0.55,1048000000,1048000000.0,18866516457.6,157220900000.0
2024-10-26,ARM,143.75,142.0,145.56,141.5,141.04,4425012,638744729.6844,144.35,0.42,1048000000,1048000000.0,18078000000.0,150649940000.0
2024-10-25,ARM,141.04,143.3,143.59,138.4,142.41,5630348,792007596.6283,140.67,0.54,1048000000,1048000000.0,17737190400.0,147809880000.0
2024-10-24,ARM,142.41,147.8,148.44,140.7,152.58,9708848,1395134369.9141,143.7,0.93,1048000000,1048000000.0,17909482857.6,149245600000.0
2024-10-23,ARM,152.58,150.46,152.94,149.83,152.35,2895964,438525692.646,151.43,0.28,1048000000,1048000000.0,19188462057.6,159903820000.0
2024-10-22,ARM,152.35,152.2,154.11,149.4,153.03,6025863,912627797.9034,151.45,0.57,1048000000,1048000000.0,19159537257.6,159662750000.0
2024-10-19,ARM,153.03,155.57,155.74,151.96,154.6,3404374,521556905.548,153.2,0.32,1048000000,1048000000.0,19245052800.0,160375380000.0
2024-10-18,ARM,154.6,157.71,158.8,154.09,152.5,5959973,931710063.1467,156.33,0.57,1048000000,1048000000.0,19442497257.6,162020750000.0
2024-10-17,ARM,152.5,154.0,155.2,151.29,150.67,5052063,774353945.9124,153.27,0.48,1048000000,1048000000.0,19178400000.0,159819900000.0
2024-10-16,ARM,150.67,160.0,160.62,147.0,161.82,9584293,1460121033.9436,152.35,0.91,1048000000,1048000000.0,18948259200.0,157902130000.0
2024-10-15,ARM,161.82,153.1,164.16,153.1,151.46,9073285,1449006427.2183,159.7,0.87,1048000000,1048000000.0,20350484457.6,169587300000.0
2024-10-12,ARM,151.46,149.1,152.3,148.3,149.33,3399021,513035347.4504,150.94,0.32,1048000000,1048000000.0,19047610857.6,158730070000.0
2024-10-11,ARM,149.33,146.24,152.0,145.02,148.43,4287180,639105356.448,149.07,0.41,1048000000,1048000000.0,18779742057.6,156497800000.0
2024-10-10,ARM,148.43,144.77,148.64,142.15,143.6,5476059,801702211.2373,146.4,0.52,1048000000,1048000000.0,18666556800.0,155554600000.0
2024-10-09,ARM,143.6,141.56,144.25,140.88,141.34,3690480,527112402.4488,142.83,0.35,1048000000,1048000000.0,18059137257.6,150492750000.0
2024-10-08,ARM,141.34,139.48,144.89,139.11,140.55,4763688,674656836.6312,141.62,0.45,1048000000,1048000000.0,17774918400.0,148124300000.0
2024-10-05,ARM,140.55,141.2,142.0,137.6,138.24,3765664,526858230.127,139.91,0.36,1048000000,1048000000.0,17675569257.6,147296380000.0
2024-10-04,ARM,138.24,136.23,141.44,136.0,137.03,3035369,421720813.2364,138.94,0.29,1048000000,1048000000.0,17385063657.6,144875500000.0
2024-10-03,ARM,137.03,136.61,139.3,132.8,136.08,3884358,531320394.1304,136.78,0.37,1048000000,1048000000.0,17232892800.0,143607380000.0
2024-10-02,ARM,136.08,142.84,144.39,135.85,143.01,5877469,811726722.9205,138.11,0.56,1048000000,1048000000.0,17113422057.6,142611820000.0
2024-10-01,ARM,143.01,140.96,145.0,140.62,145.58,4037676,576015706.072,142.66,0.39,1048000000,1048000000.0,17984937600.0,149874400000.0
2024-09-28,ARM,145.58,150.0,150.75,144.3,149.16,4375074,640893696.3257,146.49,0.42,1048000000,1048000000.0,18308142057.6,152567750000.0
2024-09-27,ARM,149.16,152.0,152.39,144.0,146.43,7025512,1046534388.7991,148.96,0.67,1048000000,1048000000.0,18758362857.6,156319600000.0
2024-09-26,ARM,146.43,143.3,149.74,143.16,143.3,6406113,941761390.9074,147.01,0.61,1048000000,1048000000.0,18415036800.0,153458600000.0
2024-09-25,ARM,143.3,142.28,144.7,139.72,141.72,4907715,700610179.4835,142.76,0.47,1048000000,1048000000.0,18021409257.6,150178320000.0
2024-09-24,ARM,141.72,139.96,143.6,139.8,138.9,4360969,620118496.8903,142.2,0.42,1048000000,1048000000.0,17822708457.6,148522500000.0
2024-09-21,ARM,138.9,140.0,140.85,137.41,140.59,7362039,1023220352.454,138.99,0.7,1048000000,1048000000.0,17468064000.0,145567130000.0
2024-09-20,ARM,140.59,144.99,147.42,140.14,138.36,7611820,1088755227.4542,143.03,0.73,1048000000,1048000000.0,17680598400.0,147338250000.0
2024-09-19,ARM,138.36,137.0,143.1,136.7,136.84,6306277,882785447.1004,139.99,0.6,1048000000,1048000000.0,17400154857.6,145001300000.0
2024-09-18,ARM,136.84,140.4,142.5,136.28,138.4,5084184,706003009.1184,138.86,0.49,1048000000,1048000000.0,17208998400.0,143408250000.0
2024-09-17,ARM,138.4,143.0,143.76,136.55,147.37,9734692,1356728891.386,139.37,0.93,1048000000,1048000000.0,17405184000.0,145043100000.0
2024-09-14,ARM,147.37,142.0,149.93,141.37,139.18,10835403,1592043595.7094,146.93,1.03,1048000000,1048000000.0,18533251200.0,154443690000.0
2024-09-13,ARM,139.18,136.32,141.38,135.7,140.32,6963547,967793135.3408,138.98,0.66,1048000000,1048000000.0,17503276800.0,145860570000.0
2024-09-12,ARM,140.32,129.2,140.63,128.18,127.22,11056786,1484324981.2095,134.25,1.06,1048000000,1048000000.0,17646644457.6,147055320000.0
2024-09-11,ARM,127.22,128.05,128.47,123.02,125.54,4862692,612130791.9321,125.88,0.46,1048000000,1048000000.0,15999188457.6,133326500000.0
2024-09-10,ARM,125.54,122.64,126.24,120.08,117.29,7154609,884025705.9688,123.56,0.68,1048000000,1048000000.0,15787910400.0,131565880000.0
2024-09-07,ARM,117.29,122.0,122.17,114.91,123.09,6769965,795601615.5242,117.52,0.65,1048000000,1048000000.0,14750390400.0,122919880000.0
2024-09-06,ARM,123.09,118.8,124.47,118.63,120.95,4343402,533466232.5584,122.82,0.41,1048000000,1048000000.0,15479798400.0,128998250000.0
2024-09-05,ARM,120.95,121.7,123.4,117.42,123.74,6041559,727663490.637,120.44,0.58,1048000000,1048000000.0,15210672000.0,126755570000.0
2024-09-04,ARM,123.74,129.87,130.39,122.04,132.88,6341445,793334491.3939,125.1,0.61,1048000000,1048000000.0,15561543657.6,129679500000.0
2024-08-31,ARM,132.88,133.32,137.1,131.84,131.93,4763141,638923970.8586,134.14,0.45,1048000000,1048000000.0,16710990057.6,139258190000.0
2024-08-30,ARM,131.93,125.5,134.94,125.37,125.32,9715223,1280469305.9669,131.8,0.93,1048000000,1048000000.0,16591516800.0,138262570000.0
2024-08-29,ARM,125.32,130.0,131.3,121.88,131.2,6572801,822772055.4183,125.18,0.63,1048000000,1048000000.0,15760244457.6,131335300000.0
2024-08-28,ARM,131.2,127.47,131.62,125.49,128.9,4241383,548681464.5492,129.36,0.4,1048000000,1048000000.0,16499712000.0,137497500000.0
2024-08-27,ARM,128.9,134.51,135.3,127.36,135.63,6042285,784688592.267,129.87,0.58,1048000000,1048000000.0,16210464000.0,135087130000.0
2024-08-24,ARM,135.63,130.0,138.05,129.74,129.72,7286758,981803272.2716,134.74,0.7,1048000000,1048000000.0,17056830057.6,142140190000.0
2024-08-23,ARM,129.72,132.43,133.63,128.55,131.2,4736285,620842657.627,131.08,0.45,1048000000,1048000000.0,16313588457.6,135946500000.0
2024-08-22,ARM,131.2,131.41,131.46,127.79,129.95,6235305,808463410.995,129.66,0.59,1048000000,1048000000.0,16499712000.0,137497500000.0
2024-08-21,ARM,129.95,132.22,135.6,128.02,132.31,5756809,755485618.2206,131.23,0.55,1048000000,1048000000.0,16342512000.0,136187570000.0
2024-08-20,ARM,132.31,130.62,132.44,126.29,130.3,5919336,767044784.1478,129.58,0.56,1048000000,1048000000.0,16639305600.0,138660820000.0
2024-08-17,ARM,130.3,131.2,133.1,129.8,130.44,6100567,799525059.6025,131.06,0.58,1048000000,1048000000.0,16386529257.6,136554320000.0
2024-08-16,ARM,130.44,129.76,132.05,128.43,125.92,7787285,1014195050.6034,130.24,0.74,1048000000,1048000000.0,16404135657.6,136701070000.0
2024-08-15,ARM,125.92,128.82,130.7,123.79,123.79,10509461,1337203849.6641,127.24,1.0,1048000000,1048000000.0,15835699200.0,131964130000.0
2024-08-14,ARM,123.79,119.7,125.7,118.3,117.13,8812453,1082363983.6113,122.82,0.84,1048000000,1048000000.0,15567830400.0,129731880000.0
2024-08-13,ARM,117.13,117.66,122.0,115.32,117.0,6281879,741344642.8028,118.01,0.6,1048000000,1048000000.0,14730270057.6,122752190000.0
2024-08-10,ARM,117.0,118.98,120.29,115.77,118.43,6314125,744337531.7038,117.88,0.6,1048000000,1048000000.0,14713920000.0,122615940000.0
2024-08-09,ARM,118.43,111.8,118.68,107.94,107.09,9788856,1122539998.4568,114.68,0.93,1048000000,1048000000.0,14893756800.0,124114570000.0
2024-08-08,ARM,107.09,117.8,120.09,106.53,113.39,12457836,1386866101.1328,111.32,1.19,1048000000,1048000000.0,13467638400.0,112230250000.0
2024-08-07,ARM,113.39,115.53,117.97,109.5,110.45,11424969,1308357744.9606,114.52,1.09,1048000000,1048000000.0,14259926400.0,118832700000.0
2024-08-06,ARM,110.45,98.5,113.5,96.66,113.45,15444762,1664262685.1196,107.76,1.47,1048000000,1048000000.0,13890192000.0,115751570000.0
2024-08-03,ARM,113.45,114.74,115.63,108.73,121.51,14669989,1648243680.0972,112.35,1.4,1048000000,1048000000.0,14267472000.0,118895570000.0
2024-08-02,ARM,121.51,128.71,134.87,118.18,144.17,30893059,3834557698.0924,124.12,2.95,1047835200,1047835000.0,15278694618.24,127322440000.0
2024-08-01,ARM,144.17,143.41,145.48,138.94,132.96,16512997,2354573380.5327,142.59,1.58,1047835200,1047835000.0,18127968094.08,151066380000.0
2024-07-31,ARM,132.96,140.73,142.07,129.1,141.44,11738911,1571098401.1139,133.84,1.12,1047835200,1047835000.0,16718421440.44,139320100000.0
2024-07-30,ARM,141.44,146.38,149.95,138.71,149.0,9538270,1362635439.9287,142.86,0.91,1047835200,1047835000.0,17784698539.96,148205750000.0
2024-07-27,ARM,149.0,155.36,155.51,145.61,149.14,8152332,1215442672.6681,149.09,0.78,1047835200,1047835000.0,18735293376.0,156127380000.0
2024-07-26,ARM,149.14,151.68,155.63,140.0,157.68,15995965,2388709605.3397,149.33,1.53,1047835200,1047835000.0,18752897007.36,156274070000.0
2024-07-25,ARM,157.68,167.15,167.15,157.18,171.7,9321070,1503576302.2687,161.31,0.89,1047835200,1047835000.0,19826718520.32,165222600000.0
2024-07-24,ARM,171.7,163.24,173.23,161.87,163.55,8036758,1367932641.1686,170.21,0.77,1047835200,1047835000.0,21589596460.8,179913300000.0
2024-07-23,ARM,163.55,165.47,168.79,162.68,163.4,6179129,1021892613.6749,165.38,0.59,1047835200,1047835000.0,20564814892.6,171373400000.0
2024-07-20,ARM,163.4,162.85,165.05,160.63,158.33,7106840,1159441929.4484,163.14,0.68,1047835200,1047835000.0,20545952601.6,171216190000.0
2024-07-19,ARM,158.33,165.85,166.66,152.22,161.7,10996290,1730045206.071,157.33,1.05,1047835200,1047835000.0,19908450923.32,165903700000.0
2024-07-18,ARM,161.7,169.98,172.36,161.53,178.77,12350622,2040250009.2364,165.19,1.18,1047835200,1047835000.0,20332194220.8,169434900000.0
2024-07-17,ARM,178.77,180.0,180.95,172.54,177.53,5767465,1017974932.5696,176.5,0.55,1047835200,1047835000.0,22478581101.88,187321400000.0
2024-07-16,ARM,177.53,182.11,183.74,176.86,181.18,5469527,986779791.1307,180.41,0.52,1047835200,1047835000.0,22322661966.72,186022130000.0
2024-07-13,ARM,181.18,174.07,183.05,173.5,173.19,8999711,1622968373.0087,180.34,0.86,1047835200,1047835000.0,22781613784.32,189846750000.0
2024-07-12,ARM,173.19,186.84,187.28,173.03,186.46,10662180,1898981278.2138,178.1,1.02,1047835200,1047835000.0,21776950651.96,181474500000.0
2024-07-11,ARM,186.46,183.39,187.47,178.5,182.28,6986367,1293223410.2226,185.11,0.67,1047835200,1047835000.0,23445523424.44,195379300000.0
2024-07-10,ARM,182.28,186.1,188.75,179.11,184.7,9258555,1704802822.834,184.13,0.88,1047835200,1047835000.0,22919928030.72,190999400000.0
2024-07-09,ARM,184.7,181.04,186.38,179.51,181.19,9516781,1745634683.6548,183.43,0.91,1047835200,1047835000.0,23224219372.8,193535100000.0
2024-07-06,ARM,181.19,172.0,182.65,169.6,168.24,14231325,2537092452.9532,178.28,1.36,1047835200,1047835000.0,22782872443.96,189857250000.0
2024-07-04,ARM,168.24,162.42,170.66,159.31,163.46,6649289,1105307387.3895,166.23,0.63,1047835200,1047835000.0,21154536543.16,176287800000.0
2024-07-03,ARM,163.46,156.85,163.62,155.27,158.83,5753481,925720766.7323,160.9,0.55,1047835200,1047835000.0,20553498272.44,171279100000.0
2024-07-02,ARM,158.83,163.43,163.85,152.55,163.62,8387527,1319516521.3603,157.32,0.8,1047835200,1047835000.0,19971321035.32,166427600000.0
2024-06-29,ARM,163.62,167.25,170.88,162.33,166.94,7095949,1176374230.7639,165.78,0.68,1047835200,1047835000.0,20573615450.88,171446750000.0
2024-06-28,ARM,166.94,162.56,168.82,160.79,164.72,8980297,1481824529.2978,165.01,0.86,1047835200,1047835000.0,20990444293.44,174920300000.0
2024-06-27,ARM,164.72,161.63,166.8,159.51,160.61,11598297,1902054597.7071,163.99,1.11,1047835200,1047835000.0,20711930954.68,172599400000.0
2024-06-26,ARM,160.61,151.57,161.95,149.5,151.07,10333157,1622332515.2082,157.0,0.99,1047835200,1047835000.0,20195138634.04,168292800000.0
2024-06-25,ARM,151.07,156.87,157.77,150.6,160.3,9260942,1421564784.0362,153.5,0.88,1047835200,1047835000.0,18995576897.08,158296400000.0
2024-06-22,ARM,160.3,156.56,162.2,151.37,160.77,21934973,3479954950.9851,158.65,2.09,1047835200,1047835000.0,20156159164.6,167967940000.0
2024-06-21,ARM,160.77,173.13,173.85,156.0,174.13,22162340,3646478395.666,164.53,2.12,1047835200,1047835000.0,20215257069.88,168460400000.0
2024-06-19,ARM,174.13,160.03,177.31,159.32,160.29,22339063,3788635833.7047,169.6,2.13,1047835200,1047835000.0,21895146462.52,182459500000.0
2024-06-18,ARM,160.29,160.17,162.7,153.62,157.89,12826930,2035514628.8203,158.69,1.22,1047835200,1047835000.0,20154900504.96,167957400000.0
2024-06-15,ARM,157.89,159.9,167.69,153.5,158.05,22260012,3554182880.6005,159.67,2.12,1047835200,1047835000.0,19853123967.36,165442630000.0
2024-06-14,ARM,158.05,157.34,161.49,150.67,155.59,15371946,2399340951.7722,156.09,1.47,1047835200,1047835000.0,19873243660.6,165610300000.0
2024-06-13,ARM,155.59,146.0,158.71,145.2,143.92,17284329,2634176851.6987,152.4,1.65,1047835200,1047835000.0,19563921452.16,163032600000.0
2024-06-12,ARM,143.92,139.08,147.5,139.0,139.91,11434770,1650920075.244,144.38,1.09,1047835200,1047835000.0,18096533038.08,150804400000.0
2024-06-11,ARM,139.91,134.79,142.09,132.5,136.57,8883754,1233336898.0724,138.83,0.85,1047835200,1047835000.0,17592315997.24,146602600000.0
2024-06-08,ARM,136.57,136.93,140.97,135.31,137.13,6610106,910597031.4809,137.76,0.63,1047835200,1047835000.0,17172343649.08,143102820000.0
2024-06-07,ARM,137.13,134.79,138.41,132.41,136.67,8874516,1204719096.8064,135.75,0.85,1047835200,1047835000.0,17242128216.0,143684320000.0
2024-06-06,ARM,136.67,126.83,136.85,126.72,125.86,12612250,1670462369.2225,132.45,1.2,1047835200,1047835000.0,17184916414.08,143207600000.0
2024-06-05,ARM,125.86,126.88,127.67,122.89,127.12,6879785,860621888.7255,125.09,0.66,1047835200,1047835000.0,15825665850.04,131880500000.0
2024-06-04,ARM,127.12,125.0,129.85,122.54,120.52,11447938,1445301027.7062,126.25,1.09,1047835200,1047835000.0,15984097274.88,133200800000.0
2024-06-01,ARM,120.52,119.92,123.88,116.01,120.73,9110422,1085715409.9638,119.17,0.87,1047835200,1047835000.0,15154213053.88,126285100000.0
2024-05-31,ARM,120.73,121.8,123.5,117.77,120.65,6809688,824671671.0545,121.1,0.65,1047835200,1047835000.0,15180617243.52,126505100000.0
2024-05-30,ARM,120.65,123.7,123.7,119.05,124.94,8166774,990512982.9995,121.29,0.78,1047835200,1047835000.0,15170558025.6,126421300000.0
2024-05-29,ARM,124.94,115.46,125.98,115.32,114.64,16202680,1979758643.4548,122.19,1.55,1047835200,1047835000.0,15709984843.96,130916500000.0
2024-05-25,ARM,114.64,112.77,115.56,111.6,112.53,4735977,540070499.7387,114.04,0.45,1047835200,1047835000.0,14414859279.36,120123800000.0
2024-05-24,ARM,112.53,117.0,117.33,110.38,112.43,8450555,955012431.549,113.01,0.81,1047835200,1047835000.0,14149547406.72,117912800000.0
2024-05-23,ARM,112.43,115.01,117.36,111.65,114.77,8406910,955594123.807,113.67,0.8,1047835200,1047835000.0,14136973384.32,117808100000.0
2024-05-22,ARM,114.77,110.0,115.78,109.5,110.46,10468844,1189922309.3408,113.66,1.0,1047835200,1047835000.0,14431206765.88,120260000000.0
2024-05-21,ARM,110.46,111.0,111.33,108.69,110.35,5260805,579074219.6145,110.07,0.5,1047835200,1047835000.0,13889266400.44,115743800000.0
2024-05-18,ARM,110.35,115.6,115.68,109.61,114.27,7523270,837990789.0877,111.39,0.72,1047835200,1047835000.0,13875434975.8,115628600000.0
2024-05-17,ARM,114.27,115.69,116.87,113.89,113.67,6446297,741807627.275,115.08,0.62,1047835200,1047835000.0,14368336653.88,119736100000.0
2024-05-16,ARM,113.67,118.4,118.5,112.52,116.65,9544258,1087902343.5726,113.99,0.91,1047835200,1047835000.0,14292891262.08,119107400000.0
2024-05-15,ARM,116.65,115.82,117.41,114.35,117.23,8046117,935246846.3886,116.24,0.77,1040330560,1040331000.0,14562547178.88,121354500000.0
2024-05-14,ARM,117.23,114.0,117.58,110.86,108.84,16402547,1883553679.651,114.83,1.58,1040330560,1040331000.0,14634954185.86,121957900000.0
2024-05-11,ARM,108.84,106.2,110.37,106.2,103.59,15281028,1657817487.0911,108.49,1.47,1040330560,1040331000.0,13587549378.05,113229500000.0
2024-05-10,ARM,103.59,99.27,106.9,97.76,106.07,29441153,3028847232.7455,102.88,2.83,1040330560,1040331000.0,12932141125.25,107767800000.0
2024-05-09,ARM,106.07,107.8,109.94,104.65,107.8,15211317,1632652101.567,107.33,1.46,1040330560,1040331000.0,13241744748.3,110347800000.0
2024-05-08,ARM,107.8,109.3,109.69,106.54,106.98,8187313,885324447.7481,108.13,0.79,1040330560,1040331000.0,13457717372.56,112147600000.0
2024-05-07,ARM,106.98,103.82,107.92,103.6,101.7,7489246,797248210.8904,106.45,0.72,1040330560,1040331000.0,13355347597.06,111294500000.0
2024-05-04,ARM,101.7,101.62,104.36,100.45,98.0,5780156,592007681.4308,102.42,0.56,1040330560,1040331000.0,12696194154.24,105801600000.0
2024-05-03,ARM,98.0,98.99,100.3,96.13,95.29,4117395,404760927.2145,98.31,0.4,1040330560,1040331000.0,12234287385.6,101952400000.0
2024-05-02,ARM,95.29,99.98,100.6,95.24,101.21,6090453,592943372.5395,97.36,0.59,1040330560,1040331000.0,11895971138.45,99133060000.0
2024-05-01,ARM,101.21,103.02,105.19,100.85,103.24,3783680,388954017.7408,102.8,0.36,1040330560,1040331000.0,11582105301.9,105291800000.0
2024-04-30,ARM,103.24,102.2,103.4,99.05,101.95,4009208,408092872.1912,101.79,0.39,1040330560,1040331000.0,11814411115.95,107403700000.0
2024-04-27,ARM,101.95,101.4,102.3,98.22,97.93,5651660,570115723.828,100.88,0.54,1040330560,1040331000.0,11666787065.12,106061600000.0
2024-04-26,ARM,97.93,96.05,99.67,95.5,99.88,6140844,602189609.7354,98.06,0.59,1040330560,1040331000.0,11206752090.43,101879500000.0
2024-04-25,ARM,99.88,102.0,103.75,97.24,96.04,11697821,1168087120.8306,99.86,1.12,1040330560,1040331000.0,11429904368.79,103908200000.0
2024-04-24,ARM,96.04,97.32,98.37,95.05,93.11,11212391,1084473602.6367,96.72,1.08,1040330560,1040331000.0,10990467481.45,99913310000.0
2024-04-23,ARM,93.11,89.94,94.32,89.06,87.19,15199465,1400019726.8554,92.11,1.46,1040330560,1040331000.0,10655169743.01,96865130000.0
2024-04-20,ARM,87.19,100.0,103.01,85.61,104.92,29438997,2746266822.5619,93.29,2.83,1040330560,1040331000.0,9977706711.21,90706380000.0
2024-04-19,ARM,104.92,106.32,107.3,102.58,107.56,11961196,1258279543.3728,105.2,1.15,1040330560,1040331000.0,12006663059.07,109151400000.0
2024-04-18,ARM,107.56,121.87,122.68,107.01,122.22,19639227,2200076548.9842,112.02,1.89,1040330560,1040331000.0,12308775053.7,111897900000.0
2024-04-17,ARM,122.22,122.0,124.24,120.91,122.32,4071531,499084198.449,122.58,0.39,1040330560,1040331000.0,13986413259.12,127149100000.0
2024-04-16,ARM,122.32,126.2,126.87,120.95,126.33,5003305,619393698.7875,123.8,0.48,1040330560,1040331000.0,13997856895.28,127253200000.0
2024-04-13,ARM,126.33,128.99,130.34,125.37,131.13,4950852,632280240.1128,127.71,0.48,1040330560,1040331000.0,14456746705.29,131424900000.0
2024-04-12,ARM,131.13,126.0,131.2,125.51,125.18,6139067,792952589.055,129.17,0.59,1040330560,1040331000.0,15006041240.97,136418500000.0
2024-04-11,ARM,125.18,124.99,127.6,123.9,126.81,4974492,627002432.1469,126.04,0.48,1040330560,1040331000.0,14325143745.09,130228500000.0
2024-04-10,ARM,126.81,133.51,135.41,124.5,129.25,12997157,1668906573.1351,128.41,1.25,1040330560,1040331000.0,14511675014.5,131924300000.0
2024-04-09,ARM,129.25,124.82,130.5,123.39,124.82,6943867,883968226.2727,127.3,0.67,1040330560,1040331000.0,14790899736.8,134462700000.0
2024-04-06,ARM,124.82,122.6,125.72,120.02,122.01,4537555,562040620.031,123.86,0.44,1040330560,1040331000.0,14283947799.28,129854000000.0
2024-04-05,ARM,122.01,126.5,127.98,121.82,125.31,5477262,684957411.004,125.05,0.53,1040330560,1040331000.0,13962380478.82,126930700000.0
2024-04-04,ARM,125.31,123.0,125.98,122.62,124.28,3875999,483577813.5979,124.76,0.37,1040330560,1040331000.0,14340020472.1,130363800000.0
2024-04-03,ARM,124.28,125.2,125.63,121.12,126.91,5042777,623984199.4092,123.74,0.48,1040330560,1040331000.0,14222151019.65,129292200000.0
2024-04-02,ARM,126.91,126.36,128.73,124.64,124.99,5011887,635468680.0701,126.79,0.48,1040330560,1040331000.0,14523119795.02,132028300000.0
2024-03-29,ARM,124.99,125.68,128.32,124.16,125.62,7407192,934194388.3927,126.12,0.72,1028075360,1028075000.0,14134906447.99,128499100000.0
2024-03-28,ARM,125.62,130.0,130.86,122.83,127.96,11317879,1424215975.4171,125.84,1.1,1028075360,1028075000.0,14206150939.55,129146800000.0
2024-03-27,ARM,127.96,141.1,145.0,126.91,138.31,21244454,2844033296.9972,133.87,2.07,1028075360,1028075000.0,14470778668.1,131552500000.0
2024-03-26,ARM,138.31,137.16,143.75,137.15,134.15,12928868,1811911163.6015,140.14,1.26,1028075360,1028075000.0,15641241334.58,142193100000.0
2024-03-23,ARM,134.15,133.81,136.1,132.5,133.6,6999594,937870770.3401,133.99,0.68,1028075360,1028075000.0,15170794049.84,137916250000.0
2024-03-22,ARM,133.6,134.7,137.0,132.01,131.33,7568797,1019172575.6365,134.65,0.74,1028075360,1028075000.0,15108596621.44,137350800000.0
2024-03-21,ARM,131.33,126.53,131.98,125.23,124.59,6861504,885392763.3158,129.04,0.67,1028075360,1028075000.0,14851886204.05,135017100000.0
2024-03-20,ARM,124.59,125.5,127.1,121.52,129.75,8135363,1011817061.7901,124.37,0.79,1028075360,1028075000.0,14089670001.26,128087900000.0
2024-03-19,ARM,129.75,128.17,132.8,127.73,126.97,6216320,808179411.776,130.01,0.6,1028075360,1028075000.0,14673205575.6,133392800000.0
2024-03-16,ARM,126.97,128.71,134.2,126.12,130.96,8880492,1155628281.3061,130.13,0.86,1028075360,1028075000.0,14358821261.39,130534690000.0
2024-03-15,ARM,130.96,130.13,136.29,127.59,131.27,10070934,1332709960.0775,132.33,0.98,1028075360,1028075000.0,14810043536.9,134636700000.0
2024-03-14,ARM,131.27,129.0,132.7,125.8,129.5,9097645,1184027655.7335,130.15,0.88,1028075360,1028075000.0,14845100906.67,134955400000.0
2024-03-13,ARM,129.5,125.0,129.99,121.38,126.74,18220618,2302526742.2274,126.37,1.77,1028075360,1028075000.0,14644933503.2,133135700000.0
2024-03-12,ARM,126.74,126.6,130.74,124.12,131.48,10174793,1296304341.7234,127.4,0.99,1028075360,1028075000.0,14332810954.79,130298300000.0
2024-03-09,ARM,131.48,139.69,142.9,131.2,140.85,14132454,1918449680.4257,135.75,1.37,1028075360,1028075000.0,14868848316.61,135171320000.0
2024-03-08,ARM,140.85,140.0,146.54,138.81,136.99,14358586,2053174416.1808,142.99,1.4,1028075360,1028075000.0,15928486721.04,144804400000.0
2024-03-07,ARM,136.99,138.09,139.34,133.26,134.07,9063328,1240057225.6192,136.82,0.88,1028075360,1028075000.0,15491965923.19,140836000000.0
2024-03-06,ARM,134.07,135.5,136.37,130.0,138.01,9116024,1218914508.2688,133.71,0.89,1028075360,1028075000.0,15161748117.55,137834000000.0
2024-03-05,ARM,138.01,145.39,148.48,137.75,141.62,14294989,2022083374.006,141.45,1.39,1028075360,1028075000.0,15607314847.7,141884600000.0
2024-03-02,ARM,141.62,141.48,144.98,139.04,141.04,9856914,1396843095.3371,141.71,0.96,1028075360,1028075000.0,16015563573.15,145596000000.0
2024-03-01,ARM,141.04,136.28,141.22,135.45,133.86,10300024,1430849464.0104,138.92,1.0,1028075360,1028075000.0,14499974877.44,144999700000.0
2024-02-29,ARM,133.86,136.15,136.29,131.31,137.95,9682633,1294592238.6825,133.7,0.94,1028075360,1028075000.0,13761817797.04,137618100000.0
2024-02-28,ARM,137.95,144.91,147.33,137.0,146.2,17481266,2451674309.9955,140.25,1.7,1028075360,1028075000.0,14182299591.2,141822900000.0
2024-02-27,ARM,146.2,139.0,149.92,138.18,133.34,26547872,3880630145.5043,146.17,2.58,1028075360,1028075000.0,15030461763.2,150304600000.0
2024-02-24,ARM,133.34,129.1,136.0,128.86,128.53,20317051,2696911965.0768,132.74,1.98,1028075360,1028075000.0,13708356850.24,137083500000.0
2024-02-23,ARM,128.53,132.87,138.5,128.51,123.39,29492399,3932425056.2231,133.34,2.87,1028075360,1028075000.0,13213852602.08,132138500000.0
2024-02-22,ARM,123.39,117.76,125.5,116.81,121.77,22418083,2749071231.2742,122.63,2.18,1028075360,1028075000.0,12685421867.04,126854130000.0
2024-02-21,ARM,121.77,123.78,123.8,115.49,128.34,21117309,2520948448.9947,119.38,2.05,1028075360,1028075000.0,12518874686.8,125188700000.0
2024-02-17,ARM,128.34,129.5,135.98,123.05,133.68,26122333,3325057171.894,127.29,2.54,1028075360,1028075000.0,13194319170.24,131943130000.0
2024-02-16,ARM,133.68,131.0,135.0,123.51,126.4,34996641,4544366678.7779,129.85,3.4,1028075360,1028075000.0,13743311412.48,137433100000.0
2024-02-15,ARM,126.4,133.81,134.84,121.02,119.98,42519551,5434743135.138,127.82,4.14,1028075360,1028075000.0,12994872550.4,129948700000.0
2024-02-14,ARM,119.98,128.12,137.5,117.0,148.97,68563875,8633282028.1125,125.92,6.67,1028075360,1028075000.0,12334848169.28,123348400000.0
2024-02-13,ARM,148.97,120.16,164.0,118.69,115.21,111349690,15810120467.7749,141.99,10.83,1028075360,1028075000.0,15315239666.0,153152300000.0
2024-02-10,ARM,115.21,105.99,117.82,102.09,113.89,48096528,5376095710.5269,111.78,4.68,1028075360,1028075000.0,11844457250.64,118444570000.0
2024-02-09,ARM,113.89,94.41,126.59,94.0,77.01,106505630,12303615582.104,115.52,10.36,1028075360,1028075000.0,11708750275.04,117087400000.0
2024-02-08,ARM,77.01,73.07,77.71,72.25,72.98,22802797,1714492277.0934,75.19,2.22,1028075360,1028075000.0,7917207833.32,79172060000.0
2024-02-07,ARM,72.98,75.0,75.45,71.8,73.27,6899508,504702446.155,73.15,0.67,1028075360,1028075000.0,7502893566.05,75028880000.0
2024-02-06,ARM,73.27,71.99,74.28,71.6,71.0,7258067,530028275.7422,73.03,0.71,1028075360,1028075000.0,7532708676.76,75327060000.0
2024-02-03,ARM,71.0,71.1,71.95,70.0,70.52,4298875,305144890.3886,70.98,0.42,1028075360,1028075000.0,7299335056.0,72993310000.0
2024-02-02,ARM,70.52,71.87,72.55,69.32,70.67,3476065,245704587.373,70.68,0.34,1028075360,1028075000.0,7249987952.76,72499810000.0
2024-02-01,ARM,70.67,70.66,72.54,69.62,71.97,5087258,360313726.7121,70.83,0.49,1028075360,1028075000.0,7265408466.31,72654060000.0
2024-01-31,ARM,71.97,73.5,74.15,70.85,72.93,4056633,293595969.6753,72.37,0.39,1028075360,1028075000.0,7399058571.54,73990500000.0
2024-01-30,ARM,72.93,72.0,72.95,71.2,71.17,4318121,310979432.7658,72.02,0.42,1028075360,1028075000.0,7497752880.83,74977500000.0
2024-01-27,ARM,71.17,73.14,73.89,70.8,73.91,7077098,508989091.9562,71.92,0.69,1028075360,1028075000.0,7316812234.31,73168060000.0
2024-01-26,ARM,73.91,76.49,79.65,73.26,75.74,8817141,671005608.8727,76.1,0.86,1028075360,1028075000.0,7598505396.99,75985000000.0
2024-01-25,ARM,75.74,77.2,77.67,74.8,76.35,6972176,531757363.4229,76.27,0.68,1028075360,1028075000.0,7786643393.49,77866380000.0
2024-01-24,ARM,76.35,77.0,77.59,75.46,77.11,4052530,309975571.9719,76.49,0.39,1028075360,1028075000.0,7849356093.25,78493500000.0
2024-01-23,ARM,77.11,78.58,79.94,76.5,78.58,7697442,598093575.7249,77.7,0.75,1028075360,1028075000.0,7927489203.77,79274880000.0
2024-01-20,ARM,78.58,75.07,78.97,74.43,74.23,9956492,767034254.3737,77.04,0.97,1028075360,1028075000.0,8078616384.5,80786130000.0
2024-01-19,ARM,74.23,72.0,74.8,71.41,69.86,11287497,828807064.794,73.43,1.1,1028075360,1028075000.0,7631402986.05,76314000000.0
2024-01-18,ARM,69.86,68.0,69.96,66.66,68.48,7209106,493640613.6621,68.47,0.7,1028075360,1028075000.0,7182134567.77,71821250000.0
2024-01-17,ARM,68.48,70.0,70.0,67.55,70.0,7090258,485382017.6998,68.46,0.69,1028075360,1028075000.0,7040259654.05,70402560000.0
2024-01-13,ARM,70.0,70.85,70.91,69.01,69.77,4025998,280893900.59,69.77,0.39,1028075360,1028075000.0,7196527520.0,71965190000.0
2024-01-12,ARM,69.77,71.67,71.87,68.19,70.77,6396113,445750206.2759,69.69,0.62,1028075360,1028075000.0,7172882300.76,71728750000.0
2024-01-11,ARM,70.77,73.0,74.38,69.86,71.88,7450641,530270293.3232,71.17,0.72,1028075360,1028075000.0,7275689836.76,72756880000.0
2024-01-10,ARM,71.88,72.8,72.98,70.91,72.84,5982004,430367477.2468,71.94,0.58,1028075360,1028075000.0,7389806201.72,73898000000.0
2024-01-09,ARM,72.84,67.76,73.18,67.52,67.05,9303504,666023905.4075,71.59,0.9,1028075360,1028075000.0,7488500613.82,74884940000.0
2024-01-06,ARM,67.05,69.12,70.39,66.52,68.39,7356637,499268432.5136,67.87,0.72,1028075360,1028075000.0,6893245700.03,68932440000.0
2024-01-05,ARM,68.39,68.99,69.6,67.14,67.91,5757570,394704459.5376,68.55,0.56,1028075360,1028075000.0,7031007387.04,70310000000.0
2024-01-04,ARM,67.91,67.07,68.5,65.11,68.92,7858160,531683859.9834,67.66,0.76,1028075360,1028075000.0,6981660180.99,69816560000.0
2024-01-03,ARM,68.92,73.5,73.52,68.24,75.15,9770965,685457592.8496,70.15,0.95,1028075360,1028075000.0,7085495278.31,70854940000.0
2023-12-30,ARM,75.15,78.36,78.66,74.6,77.47,11178336,847520196.6816,75.82,1.09,1025233920,1025234000.0,7704120804.46,77041125000.0
2023-12-29,ARM,77.47,74.79,78.35,74.5,74.25,9176899,707594846.0994,77.11,0.9,1025233920,1025234000.0,7942487383.29,79424810000.0
2023-12-28,ARM,74.25,74.5,74.76,73.41,73.41,3802038,281541681.9117,74.05,0.37,1025233920,1025234000.0,7612361856.0,76123560000.0
2023-12-27,ARM,73.41,73.27,74.0,71.76,72.29,4046596,295835707.7508,73.11,0.39,1025233920,1025234000.0,7526242616.81,75262380000.0
2023-12-23,ARM,72.29,72.0,73.44,71.48,71.2,5763863,418101964.6978,72.54,0.56,1025233920,1025234000.0,7411415392.54,74114125000.0
2023-12-22,ARM,71.2,70.0,71.95,69.3,68.4,5407602,382503515.3544,70.73,0.53,1025233920,1025234000.0,7299665202.83,72996560000.0
2023-12-21,ARM,68.4,69.5,72.99,68.38,69.43,8177594,580959183.2008,71.04,0.8,1025233920,1025234000.0,7012599397.66,70125940000.0
2023-12-20,ARM,69.43,69.23,70.55,68.81,68.87,3899291,271803182.9906,69.71,0.38,1025233920,1025234000.0,7118198388.9,71181940000.0
2023-12-19,ARM,68.87,69.96,70.09,68.02,71.03,4744777,327988864.1008,69.13,0.46,1025233920,1025234000.0,7060785596.95,70607810000.0
2023-12-16,ARM,71.03,70.5,71.89,69.29,70.74,7058442,499013518.6261,70.7,0.69,1025233920,1025234000.0,7282236431.24,72822313000.0
2023-12-15,ARM,70.74,66.52,71.79,66.37,65.61,11835036,824396688.6679,69.66,1.15,1025233920,1025234000.0,7251992235.64,72519880000.0
2023-12-14,ARM,65.61,65.41,66.5,62.75,64.71,7023953,452287126.115,64.39,0.69,1025233920,1025234000.0,6726559851.64,67265560000.0
2023-12-13,ARM,64.71,65.0,66.25,63.28,64.89,5711703,369976749.8592,64.78,0.56,1025233920,1025234000.0,6634289413.98,66342810000.0
2023-12-12,ARM,64.89,67.26,67.26,64.29,67.23,7625496,498227077.905,65.34,0.74,1025233920,1025234000.0,6652742906.88,66527380000.0
2023-12-09,ARM,67.23,62.44,67.44,62.24,62.44,18815930,1238556823.5526,65.82,1.84,1025233920,1025234000.0,6892647234.07,68926440000.0
2023-12-08,ARM,62.44,61.52,62.97,61.2,61.06,3139112,195561946.9582,62.3,0.31,1025233920,1025234000.0,6401560904.05,64015610000.0
2023-12-07,ARM,61.06,64.35,64.69,60.89,63.59,5434418,339074565.8567,62.39,0.53,1025233920,1025234000.0,6260078110.47,62600760000.0
2023-12-06,ARM,63.59,61.73,64.35,60.37,61.93,6666902,419924189.4673,62.99,0.65,1025233920,1025234000.0,6519462189.71,65194600000.0
2023-12-05,ARM,61.93,63.9,63.9,60.8,63.9,5012172,309483572.1686,61.75,0.49,1025233920,1025234000.0,6349272948.9,63492710000.0
2023-12-02,ARM,63.9,61.51,64.43,60.91,61.5,5446184,345454157.8734,63.43,0.53,1025233920,1025234000.0,6551244133.66,65512407000.0
2023-12-01,ARM,61.5,62.58,63.5,60.91,62.21,4833274,298964579.907,61.86,0.47,1025233920,1025234000.0,5674669747.2,63051860000.0
2023-11-30,ARM,62.21,62.52,63.41,61.69,61.92,3642374,227505207.8476,62.46,0.36,1025233920,1025234000.0,5740182840.59,63779800000.0
2023-11-29,ARM,61.92,60.84,62.68,60.79,61.0,4106891,253855947.3357,61.81,0.4,1025233920,1025234000.0,5713423497.1,63482470000.0
2023-11-28,ARM,61.0,63.05,63.69,60.99,63.88,6681871,411368693.2004,61.56,0.65,1025233920,1025234000.0,5628534220.8,62539240000.0
2023-11-25,ARM,63.88,61.5,64.2,61.41,61.76,6004930,379225771.3566,63.15,0.59,1025233920,1025234000.0,5894275314.22,65491930000.0
2023-11-23,ARM,61.76,59.0,64.92,59.0,58.66,15119684,940776992.9677,62.22,1.47,1025233920,1025234000.0,5698659759.57,63318420000.0
2023-11-22,ARM,58.66,58.0,58.9,56.43,58.68,5615414,324740520.3182,57.83,0.55,1025233920,1025234000.0,5412620326.33,60140210000.0
2023-11-21,ARM,58.68,55.35,59.24,55.27,54.99,7808008,451868927.364,57.87,0.76,1025233920,1025234000.0,5414464732.41,60160700000.0
2023-11-18,ARM,54.99,55.11,55.74,54.26,54.23,3443898,188830301.4553,54.83,0.34,1025233920,1025234000.0,5073985747.1,56377590000.0
2023-11-17,ARM,54.23,55.51,55.68,53.47,55.43,3291412,178420838.6561,54.21,0.32,1025233920,1025234000.0,5003858824.26,55598410000.0
2023-11-16,ARM,55.43,54.4,56.03,54.08,53.43,5821817,321193724.9837,55.17,0.57,1025233920,1025234000.0,5114583810.81,56828680000.0
2023-11-15,ARM,53.43,53.0,53.5,52.28,51.69,3541284,188071597.8462,53.11,0.35,1025233920,1025234000.0,4930041705.21,54778220000.0
2023-11-14,ARM,51.69,52.2,52.5,50.57,52.27,4524969,232397855.7212,51.36,0.44,1025233920,1025234000.0,4769490996.05,52994330000.0
2023-11-11,ARM,52.27,52.0,52.5,51.01,51.58,5803942,301081267.2563,51.88,0.57,1025233920,1025234000.0,4823008391.21,53588950000.0
2023-11-10,ARM,51.58,51.0,52.05,49.82,54.4,15354469,782938285.4589,50.99,1.5,1025233920,1025234000.0,4759341087.97,52881530000.0
2023-11-09,ARM,54.4,55.27,55.56,53.39,55.27,6128231,332365827.803,54.24,0.6,1025233920,1025234000.0,5019544718.69,55772690000.0
2023-11-08,ARM,55.27,53.45,56.1,53.26,53.1,4534176,249258608.4324,54.97,0.44,1025233920,1025234000.0,5099821549.61,56664680000.0
2023-11-07,ARM,53.1,53.98,54.46,52.52,53.49,2328270,123704016.5075,53.13,0.23,1025233920,1025234000.0,4899593549.58,54439890000.0
2023-11-04,ARM,53.49,52.82,53.86,52.25,52.82,2545035,135438883.2716,53.22,0.25,1025233920,1025234000.0,4935579167.9,54839750000.0
2023-11-03,ARM,52.82,51.4,53.56,51.3,50.52,4752688,249892067.1262,52.58,0.46,1025233920,1025234000.0,4873757747.06,54152840000.0
2023-11-02,ARM,50.52,49.61,50.52,48.3,49.29,3066410,152655714.5776,49.78,0.3,1025233920,1025234000.0,4661534048.81,51794820000.0
2023-11-01,ARM,49.29,47.9,49.66,47.12,47.9,3248684,158512690.8028,48.79,0.32,1025233920,1025234000.0,4548039638.89,50533740000.0
2023-10-31,ARM,47.9,49.51,49.9,47.28,49.09,3677661,176614542.8656,48.02,0.36,1025233920,1025234000.0,4419782875.49,49108660000.0
2023-10-28,ARM,49.09,51.26,51.33,48.81,50.17,2611336,129477097.3212,49.58,0.25,1025233920,1025234000.0,4529585705.14,50328700000.0
2023-10-27,ARM,50.17,50.06,51.11,49.5,49.44,3555300,178051546.5141,50.08,0.35,1025233920,1025234000.0,4629238626.7,51435970000.0
2023-10-26,ARM,49.44,52.7,52.79,49.31,52.37,4518809,228258603.5358,50.51,0.44,1025233920,1025234000.0,4561881127.25,50687550000.0
2023-10-25,ARM,52.37,52.0,52.89,51.05,50.21,7211723,375308146.9088,52.04,0.7,1025233920,1025234000.0,4832234666.05,53691470000.0
2023-10-24,ARM,50.21,47.22,51.88,46.5,47.87,9979285,498076053.7179,49.91,0.97,1025233920,1025234000.0,4632930206.99,51476970000.0
2023-10-21,ARM,47.87,49.74,49.74,46.5,49.74,8089129,385502002.9272,47.66,0.79,1025233920,1025234000.0,4417014928.45,49077900000.0
2023-10-20,ARM,49.74,52.0,52.7,49.53,51.9,4553359,231574741.1287,50.86,0.44,1025233920,1025234000.0,4589562719.9,50995120000.0
2023-10-19,ARM,51.9,52.28,52.7,51.28,52.29,2268871,117565401.1391,51.82,0.22,1025233920,1025234000.0,4788867086.69,53209620000.0
2023-10-18,ARM,52.29,51.0,52.76,50.65,52.09,2549709,132425784.0064,51.94,0.25,1025233920,1025234000.0,4824852797.29,53609470000.0
2023-10-17,ARM,52.09,51.04,52.35,51.04,50.78,3316789,172183134.0078,51.91,0.32,1025233920,1025234000.0,4806398863.54,53404430000.0
2023-10-14,ARM,50.78,52.5,52.56,50.0,51.85,6462484,327674447.9094,50.7,0.63,1025233920,1025234000.0,4685523968.91,52061350000.0
2023-10-13,ARM,51.85,54.75,54.75,51.41,54.68,7323145,383928304.0021,52.43,0.71,1025233920,1025234000.0,4784254733.58,53158380000.0
2023-10-12,ARM,54.68,56.17,56.33,54.38,55.71,4454723,245559945.5641,55.12,0.43,1025233920,1025234000.0,5045380521.21,56059780000.0
2023-10-11,ARM,55.71,55.24,55.86,54.2,54.25,5138145,283912857.1344,55.26,0.5,1025233920,1025234000.0,5140420997.39,57115770000.0
2023-10-10,ARM,54.25,54.4,55.8,53.37,54.08,7197707,392770248.137,54.57,0.7,1025233920,1025234000.0,5005704614.4,55618930000.0
2023-10-07,ARM,54.08,52.72,54.21,51.55,52.51,4009236,213725571.4957,53.31,0.39,1025233920,1025234000.0,4990018719.97,55444640000.0
2023-10-06,ARM,52.51,53.9,53.9,52.09,53.46,2984420,157188213.6008,52.67,0.29,1025233920,1025234000.0,4845152521.17,53835000000.0
2023-10-05,ARM,53.46,51.97,53.81,51.31,51.57,6206461,328751894.6473,52.97,0.61,1025233920,1025234000.0,4932811128.59,54808980000.0
2023-10-04,ARM,51.57,51.96,52.24,50.8,52.26,4687734,241433751.7713,51.5,0.46,1025233920,1025234000.0,4758418931.06,52871290000.0
2023-10-03,ARM,52.26,53.48,54.19,51.91,53.52,8857090,464946686.4445,52.49,0.86,1025233920,1025234000.0,4822084757.97,53578710000.0
2023-09-30,ARM,53.52,56.21,56.79,53.08,55.49,7810024,424322555.7921,54.33,0.76,1025233920,1025234000.0,4938347207.21,54870500000.0
2023-09-29,ARM,55.49,53.5,56.5,52.86,52.99,8765754,481188220.4802,54.89,0.86,1025233920,1025234000.0,5120121273.5,56890200000.0
2023-09-28,ARM,52.99,54.4,54.41,51.79,53.52,6866738,363449582.4687,52.93,0.67,1025233920,1025234000.0,4889443641.5,54327130000.0
2023-09-27,ARM,53.52,53.93,54.53,52.7,54.44,6283543,336381349.8839,53.53,0.61,1025233920,1025234000.0,4938347207.21,54870500000.0
2023-09-26,ARM,54.44,51.12,54.5,50.02,51.32,12896540,678596589.99,52.62,1.26,1025233920,1025234000.0,5023236391.25,55813730000.0
2023-09-23,ARM,51.32,52.9,52.9,50.35,52.16,8430168,431356505.3973,51.17,0.82,1025233920,1025234000.0,4735351167.86,52615000000.0
2023-09-22,ARM,52.16,51.78,52.8,49.85,52.91,15010922,766913919.2833,51.09,1.46,1025233920,1025234000.0,4812858483.13,53476190000.0
2023-09-21,ARM,52.91,55.17,55.4,51.52,55.17,16369469,870418604.1304,53.17,1.6,1025233920,1025234000.0,4882061772.73,54245130000.0
2023-09-20,ARM,55.17,56.25,56.78,53.88,58.0,18308645,1010080657.8093,55.17,1.79,1025233920,1025234000.0,5090593890.7,56562110000.0
2023-09-19,ARM,58.0,57.95,58.74,55.02,60.75,34571903,1967967722.0412,56.92,3.37,1025233920,1025234000.0,5351721062.4,59463550000.0
2023-09-16,ARM,60.75,68.63,69.0,60.75,63.59,74753063,4811450550.2514,64.36,7.29,1025233920,1025234000.0,5605466457.6,62282950000.0
2023-09-15,ARM,63.59,56.1,66.28,55.54,,130534500,7759309678.0965,59.44,12.73,1025233920,1025234000.0,5867515970.74,65194600000.0
